customer_id,total_spent,purchase_count,last_purchase_days,is_email_subscribed,is_sms_subscribed,membership_tier
1,193.52465823520762,15,266,1,1,Silver
2,475.8500101408589,12,149,0,0,Gold
3,368.6770314875885,16,164,1,0,Gold
4,303.3426572565479,19,140,0,1,Gold
5,86.44913381679389,8,347,0,1,Silver
6,86.4373149647393,17,258,1,1,Silver
7,38.460969962417735,5,269,1,0,Gold
8,434.4263114297182,16,181,1,0,Gold
9,304.54635575417234,6,160,1,0,Gold
10,356.95556312006227,8,351,1,0,Silver
11,20.086402204943198,18,288,1,1,Silver
12,485.2558275593772,12,288,0,0,Regular
13,417.8968939922066,15,226,1,0,Silver
14,114.04616423235531,9,11,0,0,Silver
15,99.09423393147931,13,10,0,1,Silver
16,99.86820982818257,15,271,1,1,Gold
17,159.0786990501735,10,273,0,0,Silver
18,267.13065149979656,16,183,1,0,Gold
19,221.65305913463672,7,153,1,1,Regular
20,152.70227869704053,17,315,0,1,Regular
21,309.8079184139659,7,334,0,1,Gold
22,78.3519917195005,14,124,1,1,Gold
23,153.15087778225688,15,114,1,1,Gold
24,189.51730321390895,7,278,0,1,Silver
25,233.47429226634762,9,213,0,1,Regular
26,394.73622108257666,19,172,0,1,Gold
27,107.84015325759627,16,288,0,0,Silver
28,261.9748748226697,8,174,1,0,Regular
29,300.2831387424008,18,113,1,0,Silver
30,32.760702232798884,18,122,1,0,Regular
31,307.6969774317048,7,32,1,0,Silver
32,93.55682060677285,3,222,0,0,Regular
33,41.87528056278696,18,119,0,1,Regular
34,474.9539132541333,10,39,1,1,Silver
35,483.1596962065341,7,268,1,0,Gold
36,406.11470057706595,17,233,1,0,Regular
37,159.26074689495164,14,18,1,1,Gold
38,57.859335863128095,3,149,1,1,Silver
39,345.2741829909569,12,149,1,1,Gold
40,225.67472193240465,13,126,1,0,Gold
41,69.79873507394163,2,302,1,1,Gold
42,252.6366859545224,3,360,1,0,Gold
43,26.850375346457014,5,238,0,0,Gold
44,455.5669970186032,11,135,1,1,Regular
45,136.8021909840083,8,151,0,1,Regular
46,334.63591933345117,12,236,0,0,Regular
47,162.73842728381138,7,224,1,1,Silver
48,264.8333303771273,15,203,1,1,Gold
49,277.888036878207,17,256,0,0,Regular
50,100.57868320750825,4,86,0,1,Silver
51,485.0964676046337,13,150,1,0,Regular
52,389.8150834469461,18,235,0,0,Regular
53,470.35448136645266,1,345,1,1,Gold
54,448.4654017095479,16,22,1,0,Silver
55,302.9709896174317,13,348,1,0,Gold
56,461.71837516132723,10,285,0,1,Gold
57,53.36132600544055,12,269,0,1,Regular
58,106.03160258538115,2,258,1,1,Gold
59,32.16137156616365,3,29,0,0,Silver
60,169.41186207399952,10,213,0,0,Gold
61,200.45187194784617,2,283,0,1,Gold
62,142.961025569209,13,50,0,0,Gold
63,416.0813794844454,13,95,0,1,Regular
64,184.80913007985873,18,88,0,1,Silver
65,147.65790974681659,3,44,0,0,Regular
66,275.92108074754174,7,278,1,1,Regular
67,79.0528702376337,14,171,0,0,Regular
68,403.07652056947944,17,189,0,0,Regular
69,46.5298154030877,12,353,0,1,Regular
70,493.57459893425346,16,184,0,0,Silver
71,388.39993695536214,12,3,0,1,Gold
72,107.37068395174448,15,191,0,0,Regular
73,12.705837390565176,10,118,0,0,Regular
74,409.5760999428687,7,19,0,0,Silver
75,356.3600984853324,5,23,1,1,Silver
76,367.21351234008375,1,30,0,0,Gold
77,387.92246987611344,17,295,0,1,Silver
78,46.281879349704276,3,108,0,0,Gold
79,185.64820698669357,13,281,0,0,Regular
80,66.77583916731356,14,128,1,1,Regular
81,432.9206786790408,18,229,1,1,Gold
82,315.41608214550337,4,111,1,1,Silver
83,172.1400321777981,18,136,1,1,Gold
84,41.143591640151584,5,362,1,1,Silver
85,162.38133764067447,16,186,1,0,Regular
86,169.33982779310605,1,144,1,0,Silver
87,367.5070273856514,14,72,1,1,Gold
88,322.40316096405445,15,129,1,0,Gold
89,444.7342438624,9,364,1,0,Regular
90,241.38531332935514,15,261,1,0,Silver
91,68.60118050976783,17,3,1,1,Silver
92,359.48994573926757,4,104,1,0,Silver
93,382.78467382227973,12,224,1,0,Regular
94,285.02582680905317,5,320,1,0,Silver
95,387.77391817773486,5,362,1,1,Gold
96,251.95984221855147,11,354,0,0,Silver
97,266.1390863971771,6,10,1,0,Regular
98,219.49509899568932,7,302,0,1,Silver
99,22.455372104606642,14,231,1,1,Silver
100,62.86679922671918,11,219,1,0,Gold
101,25.400300986499783,13,66,0,0,Silver
102,321.8411015192524,2,112,1,1,Gold
103,164.03443072740006,7,13,0,1,Gold
104,259.19963867070436,4,86,0,1,Regular
105,454.7075722237856,8,234,0,1,Gold
106,132.15319228294874,19,90,1,1,Gold
107,211.08763228745858,13,314,1,1,Regular
108,380.22005788609385,14,54,1,1,Gold
109,122.111101090895,10,12,0,0,Regular
110,47.720155816108566,11,209,0,1,Silver
111,151.97821192774634,2,14,1,1,Regular
112,88.99843075446216,9,121,1,0,Gold
113,465.5518496478608,17,20,1,1,Regular
114,405.9789859865643,3,75,1,1,Gold
115,320.36784069010747,6,243,1,0,Silver
116,437.01568919198166,5,223,0,1,Regular
117,403.7993176805661,5,70,0,0,Silver
118,101.41932885415756,15,312,0,0,Gold
119,447.3539092600891,17,211,1,0,Gold
120,274.27769853866886,9,101,0,0,Silver
121,405.64567603039063,3,186,0,1,Regular
122,449.08473696251167,17,132,0,0,Regular
123,165.8217027362133,10,111,0,0,Gold
124,63.92544301856161,3,132,0,1,Silver
125,121.68822964555143,18,20,1,0,Silver
126,219.2828164268656,18,24,0,0,Regular
127,410.8272353020216,17,227,1,0,Regular
128,431.7579857956083,3,154,1,0,Regular
129,13.406543960283445,3,293,1,1,Silver
130,260.2661782630072,6,230,1,0,Regular
131,214.5313915429017,13,310,1,1,Regular
132,118.83282713065782,15,359,0,1,Gold
133,68.73402999350458,9,202,0,0,Regular
134,175.4314339877777,4,38,1,0,Regular
135,472.0257549171344,14,260,1,0,Silver
136,168.36943669017006,5,188,1,0,Silver
137,264.2074046542494,2,57,0,1,Gold
138,354.4792898586372,11,20,1,1,Regular
139,188.17850516585406,9,273,0,1,Gold
140,486.17322053327075,3,119,1,0,Silver
141,481.5991745216345,9,71,0,1,Gold
142,133.37332495442843,3,4,1,0,Silver
143,253.65176788726887,2,221,0,0,Gold
144,157.43037181021714,12,14,1,0,Gold
145,149.57184224495913,10,3,0,0,Regular
146,28.07460420372107,9,216,0,0,Gold
147,308.68652365014947,15,229,0,1,Regular
148,256.3127213821421,8,336,0,1,Regular
149,35.224588112494786,5,186,0,0,Regular
150,146.5367674759396,11,55,0,1,Regular
151,455.05028412366033,2,254,0,0,Gold
152,127.38532642681649,15,24,1,0,Silver
153,80.99848732469931,6,162,1,0,Silver
154,249.83185253600587,8,158,1,1,Silver
155,492.9687225141943,5,82,1,0,Gold
156,128.6070830406352,16,159,1,0,Regular
157,339.3464182288805,18,188,0,1,Silver
158,383.1936115110716,6,60,0,1,Gold
159,126.44239655627584,5,305,0,1,Regular
160,366.8260108198112,16,319,0,0,Silver
161,190.21373503243407,13,211,0,0,Regular
162,319.82985699085395,5,152,1,1,Silver
163,320.4295582728384,13,109,1,0,Silver
164,272.52959519663165,17,76,1,1,Silver
165,54.241987326660066,18,30,1,1,Regular
166,419.2982228387266,8,314,0,0,Gold
167,167.18223183615055,13,117,0,0,Regular
168,101.39407009592857,19,356,0,1,Silver
169,29.97981936183432,3,192,1,1,Regular
170,299.5375421622385,8,19,0,1,Gold
171,342.00653730271836,2,173,1,1,Regular
172,18.128036174649516,8,228,0,0,Gold
173,260.9255985666477,13,350,0,1,Gold
174,120.98292984698959,13,183,1,1,Regular
175,326.13466730063044,1,113,0,1,Silver
176,95.43955021244581,6,183,0,0,Gold
177,348.55949167020833,19,146,1,0,Regular
178,199.50031968726333,16,319,0,1,Gold
179,468.99769448099994,8,116,1,0,Silver
180,77.38526263153669,1,113,0,0,Regular
181,177.12251201462666,16,251,0,0,Regular
182,65.60202540788865,9,251,0,1,Regular
183,463.09987295649574,13,303,0,1,Silver
184,439.8962831566807,11,313,0,0,Gold
185,136.39139758042626,13,118,0,1,Regular
186,333.39218255674774,10,301,0,1,Gold
187,410.43887809859575,4,161,0,0,Gold
188,282.04839768373654,6,198,1,0,Silver
189,269.52878339444317,7,260,1,1,Regular
190,128.50762254122134,5,148,0,0,Gold
191,55.620356224890614,11,240,0,1,Regular
192,449.6357213971301,13,47,1,1,Regular
193,451.2048480100319,19,198,0,0,Silver
194,320.2197140639013,10,47,0,1,Regular
195,176.12459761386333,10,78,1,1,Regular
196,181.11269156020384,11,124,0,0,Gold
197,365.71828264641726,7,75,0,0,Silver
198,449.5840273767628,18,359,1,0,Regular
199,444.6723478899075,4,137,0,1,Gold
200,392.1390174702357,2,90,0,0,Silver
201,324.595506615601,14,325,1,0,Silver
202,51.228582847573925,13,61,0,0,Gold
203,89.19806990636074,12,138,1,0,Gold
204,450.2915523782688,7,50,0,1,Gold
205,307.15023923319904,2,259,0,1,Gold
206,14.506555292148526,13,107,1,0,Gold
207,59.72105600435573,14,113,1,1,Regular
208,335.11586686294737,17,350,0,0,Regular
209,12.480176084647157,9,254,1,0,Silver
210,88.79594519457434,17,118,1,1,Regular
211,278.8795567896272,8,198,0,1,Regular
212,349.0286468694197,2,337,0,0,Regular
213,329.46101715627424,13,51,0,0,Gold
214,119.89196163567429,3,245,1,1,Silver
215,358.96781846029256,16,35,1,0,Silver
216,126.25205287343204,6,302,1,1,Silver
217,169.44585209804117,19,69,1,0,Silver
218,375.78078850783186,7,349,0,0,Regular
219,328.3201205331352,10,320,1,1,Regular
220,426.1194711421472,9,49,0,1,Gold
221,332.23031722716826,2,74,1,1,Silver
222,288.4712156343811,15,192,0,1,Regular
223,55.90063623576531,5,261,0,1,Regular
224,190.18074349912243,4,356,0,1,Gold
225,139.94916016404548,4,70,1,1,Gold
226,129.55492525575096,18,90,0,0,Gold
227,486.7751718286983,4,260,0,0,Regular
228,202.6178850867126,17,126,1,0,Regular
229,447.1028120367855,12,231,0,1,Gold
230,319.2579267386588,17,295,1,1,Silver
231,399.45753873540775,10,129,1,1,Gold
232,256.2921756215442,1,280,0,0,Gold
233,292.68290346691595,18,313,0,1,Gold
234,251.33366997124332,18,100,1,1,Gold
235,105.6690640210418,14,326,0,0,Regular
236,364.0015364781376,15,297,1,1,Silver
237,147.57845759601935,12,182,1,0,Gold
238,21.914823551412383,4,174,1,0,Silver
239,326.28142499451224,3,316,0,1,Silver
240,96.78423290945398,12,364,1,1,Silver
241,470.82470633292803,7,188,0,1,Gold
242,477.4250027312678,11,57,0,0,Regular
243,458.2835512080198,1,31,0,0,Gold
244,191.37776312516775,6,84,0,0,Silver
245,17.57374209914504,15,152,1,1,Silver
246,464.87609566798545,15,36,0,1,Regular
247,219.81023267548403,19,213,1,1,Gold
248,483.6608613313981,11,364,1,1,Silver
249,482.1737887737339,2,106,0,0,Regular
250,427.97463317900645,14,342,1,0,Silver
251,154.279957114097,2,220,1,0,Regular
252,198.69788701494338,4,163,0,0,Regular
253,427.05696904325987,17,220,1,1,Gold
254,165.29178252657604,3,270,1,1,Silver
255,93.05144587618531,13,120,1,1,Gold
256,282.8326186045916,9,336,1,0,Silver
257,468.7158393387827,7,182,0,0,Gold
258,351.05460037073675,15,106,1,1,Silver
259,289.3299733437888,11,217,1,1,Gold
260,57.61648194767658,2,205,1,0,Regular
261,311.35354108259315,15,70,1,1,Silver
262,495.126386551089,14,44,0,0,Silver
263,78.64116746589677,11,329,1,0,Regular
264,263.981529658231,3,301,0,0,Gold
265,439.9128052446982,17,228,1,1,Silver
266,372.97662269956015,12,184,0,1,Silver
267,351.5377130876813,15,107,0,0,Gold
268,354.21720115368356,16,84,0,1,Regular
269,186.15066409768002,5,338,0,0,Gold
270,153.86000368960174,6,250,0,0,Gold
271,406.5869661844717,19,363,1,0,Gold
272,406.9555633927986,5,21,1,0,Silver
273,434.8654361042508,3,196,1,1,Regular
274,457.4878707526709,1,178,0,0,Regular
275,260.5577754418595,6,7,1,0,Gold
276,255.74298439672782,15,70,0,1,Silver
277,401.16463769371984,2,127,0,0,Gold
278,328.48232608110493,3,160,1,0,Silver
279,353.96376985627467,17,248,1,1,Silver
280,399.93840802368953,12,203,0,1,Silver
281,446.1026174906075,18,148,0,1,Silver
282,175.61762685725253,15,143,1,0,Regular
283,194.03564679357257,12,199,1,1,Silver
284,56.05115052202581,16,154,1,1,Silver
285,293.35726908812524,8,142,1,0,Gold
286,27.611714160403622,14,313,0,0,Gold
287,238.14302888490548,17,165,1,0,Regular
288,275.8958710067125,8,314,1,0,Gold
289,150.40521354285937,15,21,1,0,Silver
290,299.50829767881527,14,82,0,1,Gold
291,24.94512247013422,18,69,0,1,Regular
292,28.300612487115064,7,131,0,1,Gold
293,413.0742747232325,3,87,0,0,Gold
294,186.4934142915188,12,218,1,0,Regular
295,72.25965119942354,3,305,0,0,Regular
296,265.89919742685413,14,345,1,1,Silver
297,387.2968410183193,15,341,1,1,Gold
298,115.75230347345315,14,161,1,0,Silver
299,315.21633315131015,7,178,1,1,Gold
300,51.82025784694632,17,117,0,0,Gold
301,35.32404337261777,12,196,0,1,Silver
302,270.3637694683925,4,327,0,1,Gold
303,274.9112095889522,9,86,1,1,Gold
304,322.3406517341212,6,289,1,0,Gold
305,365.78475352410413,16,81,1,1,Regular
306,488.16751893664195,2,152,1,1,Silver
307,262.9871706675857,8,61,1,0,Regular
308,168.24867174121053,11,61,0,1,Silver
309,399.6412354366648,13,354,1,0,Silver
310,142.70780311841636,17,28,0,0,Gold
311,225.0959961457617,8,43,1,0,Silver
312,48.44362685771032,18,169,1,0,Regular
313,22.42186427357418,18,86,0,0,Regular
314,481.6977231921833,14,177,0,1,Regular
315,419.63025905098084,15,17,1,0,Silver
316,351.027360985912,6,98,1,0,Regular
317,210.38694276299225,11,198,1,0,Silver
318,94.91421683471442,13,98,1,0,Regular
319,86.65415090883216,1,65,0,1,Regular
320,132.6190201006517,6,330,1,0,Silver
321,279.12106570599906,9,341,0,1,Regular
322,360.15200212303057,8,5,1,0,Gold
323,333.4967145916883,11,2,0,1,Silver
324,147.16760950351198,19,22,0,0,Silver
325,477.8839875249651,9,112,1,0,Silver
326,371.56948918092655,17,57,0,1,Gold
327,281.63348573058636,12,66,1,0,Silver
328,309.7431656548326,14,330,0,1,Regular
329,215.60403058961705,15,98,1,0,Regular
330,131.38818485556715,16,144,0,1,Regular
331,184.42661253911817,1,125,1,0,Silver
332,381.34459412754086,10,167,1,0,Regular
333,17.052809428580375,8,86,0,1,Silver
334,66.87559384838895,18,76,0,0,Regular
335,32.54129459065885,1,344,0,0,Gold
336,29.957113136295366,2,294,0,0,Gold
337,429.17568616539353,1,59,1,0,Gold
338,354.7923510962116,1,138,0,0,Gold
339,242.34517625278934,9,99,1,0,Silver
340,57.93873871899073,13,192,0,1,Regular
341,250.89177880724785,1,243,1,1,Gold
342,242.0011676824772,13,319,1,1,Silver
343,94.86891625590744,7,49,1,0,Gold
344,222.58730812660679,2,32,1,1,Gold
345,205.26731985471298,6,277,0,0,Silver
346,311.7665480455861,7,20,0,0,Silver
347,321.1958889251455,14,154,1,0,Regular
348,32.198964788301815,18,68,0,0,Regular
349,193.5601811669709,15,214,0,1,Gold
350,316.6713586999758,2,143,1,0,Gold
351,256.53676670424295,10,232,0,1,Regular
352,429.6800221822779,12,213,0,0,Regular
353,332.75987949328305,17,79,0,1,Silver
354,89.83786926990055,8,214,1,1,Regular
355,44.57868622621062,11,116,0,1,Regular
356,324.78544632109464,3,92,1,1,Gold
357,22.990542165394686,6,270,0,1,Regular
358,297.030034823997,9,168,0,1,Gold
359,470.7128182982292,6,58,0,0,Regular
360,291.9823471591807,9,284,1,1,Silver
361,200.20326384119574,7,26,1,0,Regular
362,325.21122703675303,9,66,0,1,Regular
363,234.54391634084314,18,248,1,0,Regular
364,277.3522267648081,12,254,0,1,Gold
365,471.3177563004973,8,44,1,1,Silver
366,199.1902925223794,8,97,1,0,Regular
367,480.98337627371797,18,42,0,1,Gold
368,453.6218145584712,15,227,0,1,Silver
369,105.93765604675525,7,262,0,1,Gold
370,43.98703742883107,11,167,0,0,Gold
371,59.38122067493906,16,279,1,1,Silver
372,18.928694569259367,4,89,1,0,Regular
373,56.27705077040491,6,178,1,1,Gold
374,344.6733189740149,3,197,0,1,Gold
375,44.882437745512206,9,307,0,0,Regular
376,166.29805884394304,10,267,1,1,Regular
377,423.98890237503275,14,268,0,1,Silver
378,21.403248510554675,11,74,1,0,Silver
379,409.0895564685785,18,8,1,1,Silver
380,148.10883963896597,12,297,1,0,Regular
381,67.90076553461157,12,164,1,0,Gold
382,351.4012110284338,13,85,1,0,Gold
383,318.18199492214313,13,72,0,1,Silver
384,439.96128662825595,19,55,0,0,Regular
385,370.18481146390405,19,47,0,0,Gold
386,403.7056558885758,14,238,1,1,Silver
387,148.19694055994017,4,104,1,0,Gold
388,96.94537645206418,13,210,1,1,Gold
389,377.8012283040206,8,42,1,1,Regular
390,405.34902224095936,19,316,0,1,Regular
391,495.3475195803299,12,268,0,1,Gold
392,212.18266168659898,18,263,1,0,Silver
393,192.28886203846375,6,336,1,0,Regular
394,390.4423507635785,18,259,1,0,Gold
395,176.99373472397875,19,283,0,0,Regular
396,466.0710895457467,5,114,0,0,Regular
397,430.6222484030758,9,363,0,1,Regular
398,220.207073413759,3,40,1,0,Gold
399,377.9268232178337,10,220,1,0,Silver
400,379.72600830149435,19,129,0,0,Silver
401,60.530695729606975,3,8,1,1,Silver
402,452.2509242729877,15,101,0,1,Regular
403,257.57366249945,1,176,1,0,Gold
404,414.9641583927934,7,107,0,1,Regular
405,166.82430450499976,12,101,1,0,Silver
406,448.8063819631382,17,260,0,0,Silver
407,200.70882257973992,5,246,0,1,Gold
408,15.310449225346197,4,275,0,1,Regular
409,453.6371684454392,12,32,0,0,Silver
410,54.730471625205446,18,137,0,0,Gold
411,166.4636824193033,17,12,0,1,Regular
412,475.5303638548944,19,302,1,0,Regular
413,475.79750199940247,9,16,1,1,Silver
414,290.9845651804102,4,129,1,0,Silver
415,319.6002339632016,2,63,0,1,Regular
416,229.7383057693767,4,109,0,0,Regular
417,153.67327813205162,2,21,1,0,Silver
418,171.04562723125883,15,158,0,1,Regular
419,339.5340434777488,2,269,0,0,Silver
420,378.66351942446323,4,162,0,0,Regular
421,397.87373142566577,6,260,0,1,Silver
422,396.9128899693314,7,102,0,0,Gold
423,54.69099049385828,10,223,1,0,Silver
424,252.26594930426492,19,59,1,0,Silver
425,38.2037924081557,19,247,1,1,Gold
426,279.2691523386304,12,128,1,1,Regular
427,226.34994567295473,3,283,1,1,Gold
428,444.9750495515669,13,325,0,0,Silver
429,181.94835615051855,18,25,0,0,Regular
430,67.36283804952687,8,131,0,0,Gold
431,80.06592420588957,15,353,0,0,Regular
432,383.1402095415614,1,196,1,1,Regular
433,312.9268510249679,3,281,1,0,Gold
434,59.55011130016722,8,154,1,0,Regular
435,51.212334996348744,4,133,0,0,Gold
436,353.4748744149688,16,227,1,1,Silver
437,45.653873118454825,10,189,0,0,Regular
438,412.7114290522745,12,265,1,0,Silver
439,356.05869130668316,14,134,1,0,Silver
440,49.860902514530885,14,211,0,0,Regular
441,51.57047990174404,2,60,0,0,Gold
442,493.45339346557597,5,364,1,1,Regular
443,193.39268992049895,5,364,1,0,Silver
444,191.61465206277654,6,213,0,0,Silver
445,408.27178795617624,13,216,1,0,Gold
446,474.15180291809077,9,226,1,0,Regular
447,493.14052127320673,15,131,0,0,Silver
448,379.1553107768814,14,76,1,0,Silver
449,194.36719691014872,7,286,0,0,Silver
450,50.91535118234769,2,277,1,0,Gold
451,390.801988804444,7,156,0,0,Silver
452,283.61808237054447,6,248,1,0,Silver
453,217.86878453101838,17,218,0,1,Regular
454,454.1136486964206,2,190,1,1,Regular
455,64.48676633001415,3,163,0,1,Silver
456,251.38630110252097,5,180,1,1,Silver
457,15.563285936035344,5,34,1,0,Regular
458,239.64371457712187,1,41,1,1,Gold
459,37.5886050841003,8,307,1,1,Gold
460,68.22077897135524,12,338,1,0,Gold
461,67.5878609207814,4,314,1,1,Gold
462,328.11304803687113,13,75,1,1,Gold
463,375.56199084005743,15,279,1,0,Gold
464,295.8506948976082,11,176,1,0,Gold
465,481.46454875252556,10,150,0,0,Gold
466,193.686583966615,3,273,0,1,Regular
467,149.99892227811176,14,325,1,1,Gold
468,435.6135728128355,16,108,0,0,Gold
469,119.56196087453179,10,139,1,0,Gold
470,481.97904432589957,10,350,1,1,Silver
471,15.955692598010007,12,271,0,0,Regular
472,485.24062508674314,9,347,1,1,Regular
473,31.148356855782296,1,289,1,0,Regular
474,446.6601257120548,5,212,0,0,Gold
475,268.5735434522869,8,272,0,1,Gold
476,496.5527500984572,11,66,1,0,Silver
477,46.16031672034544,12,248,0,0,Regular
478,281.3885993566472,1,156,0,0,Gold
479,484.9582424533585,11,47,1,1,Regular
480,266.3179436433729,5,201,0,0,Silver
481,318.40533268627865,15,148,0,0,Silver
482,350.9168576024624,5,124,1,0,Silver
483,232.72512173620888,12,1,0,0,Regular
484,317.5034592411911,5,247,0,0,Gold
485,296.31401284231913,17,343,1,0,Gold
486,451.5674251405846,17,128,1,1,Silver
487,32.26872636731436,12,191,1,1,Gold
488,147.67196290019285,15,67,0,0,Silver
489,475.7016271975138,15,4,1,1,Regular
490,446.229254106549,6,303,1,1,Silver
491,233.27180886499934,12,294,0,0,Regular
492,313.864972922753,18,143,1,1,Silver
493,145.91677966075503,14,191,1,1,Gold
494,102.17936826464305,2,21,1,1,Gold
495,237.21221842059126,9,227,1,1,Silver
496,183.14259173276588,5,313,0,1,Gold
497,295.99149480692734,1,117,1,1,Gold
498,48.089972112842574,3,302,1,1,Gold
499,487.4534557564216,6,142,0,1,Regular
500,493.2432647950054,5,39,1,0,Gold
501,352.0992398696751,5,355,0,0,Regular
502,272.68721950861897,1,252,0,1,Silver
503,161.6685319803006,17,333,0,1,Gold
504,408.75955965640486,19,207,1,0,Gold
505,345.51827455140085,14,210,0,1,Gold
506,89.68230027899673,12,115,0,1,Silver
507,456.3543204019828,10,225,0,0,Regular
508,413.0432490323528,18,134,1,0,Regular
509,475.40195751304276,11,251,1,0,Gold
510,365.6025591102964,2,219,1,1,Silver
511,310.573446008537,18,91,1,1,Silver
512,214.93908778240325,7,354,1,0,Silver
513,467.0369568434665,15,46,1,0,Silver
514,434.3713058552001,11,38,1,1,Silver
515,32.157148352032806,18,142,0,0,Regular
516,22.919817503653483,12,100,0,1,Regular
517,194.4670497702443,6,328,0,1,Regular
518,407.17113208309814,13,190,0,0,Gold
519,493.7653033643228,16,35,1,0,Silver
520,83.7042766407288,18,147,0,1,Gold
521,301.1240505225462,10,30,0,0,Silver
522,196.63651974920054,8,334,0,0,Regular
523,485.25805492915555,18,84,0,0,Gold
524,422.63827233649727,1,281,1,0,Regular
525,420.7810653084575,8,344,1,1,Silver
526,239.65964829953543,6,270,1,1,Silver
527,213.26155614545593,5,154,0,1,Silver
528,143.96946524604604,15,102,1,1,Regular
529,37.62399335895429,15,215,0,0,Silver
530,433.71396436497605,2,150,1,0,Regular
531,408.321494473738,1,83,1,1,Gold
532,499.86165991020397,11,110,1,1,Silver
533,498.35205016621364,10,275,1,0,Silver
534,282.16153574528744,18,201,1,1,Silver
535,386.80383343845017,18,284,0,1,Gold
536,472.93520764238974,17,173,1,0,Silver
537,426.3272214319316,8,327,0,1,Regular
538,131.20056985416687,15,206,0,0,Regular
539,230.76662630194582,8,63,0,0,Silver
540,73.28811342423253,17,73,0,1,Silver
541,477.485003356774,12,251,0,0,Gold
542,307.02557088093124,8,124,1,1,Gold
543,122.03497469669674,14,121,1,0,Gold
544,339.1333353588698,4,275,1,1,Silver
545,312.88283782436895,1,120,1,1,Gold
546,185.49973183609185,1,317,0,1,Gold
547,65.64322017781822,19,164,1,0,Regular
548,339.0708658404718,16,286,1,0,Gold
549,264.9507734428587,14,265,0,1,Regular
550,388.43601195046324,16,320,0,0,Regular
551,264.88011554487673,5,161,1,1,Gold
552,427.56893515608465,9,308,1,1,Regular
553,280.4343509994979,2,89,0,0,Silver
554,284.85960605233925,18,142,1,1,Silver
555,439.5602653025891,6,203,1,0,Gold
556,207.70660444407454,9,309,1,1,Silver
557,75.66746194081396,1,227,1,0,Regular
558,24.103511393536095,9,334,0,1,Silver
559,380.0172552800733,16,222,0,1,Gold
560,313.9516801631977,13,41,0,0,Gold
561,354.99908636861954,9,196,1,1,Regular
562,114.35243913936625,13,68,1,1,Gold
563,76.82202303751718,9,264,1,0,Silver
564,17.126886177262143,11,2,1,1,Gold
565,181.7879038152325,4,361,1,0,Regular
566,299.05966655877023,2,125,0,1,Gold
567,202.19958209886883,6,110,1,0,Silver
568,224.36271179162725,14,86,1,1,Regular
569,453.0377603019367,4,120,0,1,Silver
570,180.64517884141716,6,127,1,1,Regular
571,261.8548496883073,19,255,0,0,Gold
572,393.98997624316013,6,183,0,0,Regular
573,204.30596333742238,2,16,0,0,Regular
574,314.822483111658,18,62,0,0,Gold
575,432.55821728590513,13,158,0,1,Silver
576,475.26510559224465,9,268,1,1,Gold
577,82.0660056552286,19,35,0,0,Regular
578,464.0279363291323,13,267,0,0,Gold
579,251.1369836089737,11,64,1,0,Regular
580,136.5397502664896,1,50,1,1,Gold
581,234.97652055674803,7,255,0,0,Gold
582,490.2159618898838,15,149,1,0,Silver
583,251.38286605650612,1,325,1,1,Regular
584,171.08828904087903,12,304,0,1,Silver
585,320.36641861519564,7,276,0,0,Regular
586,127.6713532013146,15,357,1,1,Gold
587,47.17303077324532,19,172,0,0,Regular
588,73.15106373621812,1,201,0,1,Silver
589,72.7424610893085,17,324,1,0,Silver
590,84.43231982102424,17,35,0,0,Silver
591,78.02531459821097,3,216,0,0,Regular
592,324.02862495357516,12,65,0,0,Silver
593,99.12124135558096,6,8,0,1,Silver
594,179.37696882869298,11,301,0,1,Silver
595,449.4263208539458,3,343,1,1,Gold
596,242.24120372880745,8,332,1,1,Gold
597,337.10329187530334,14,76,0,0,Regular
598,94.43673688879862,14,174,1,0,Regular
599,104.22161921624868,10,47,0,1,Silver
600,30.025621970574644,2,15,0,1,Gold
601,92.77818090536063,14,361,0,1,Silver
602,146.50926612565974,9,147,0,1,Silver
603,96.73513729560594,3,26,0,1,Gold
604,53.464241540957254,8,308,1,0,Gold
605,69.1115768392944,16,93,1,0,Gold
606,235.78159633603562,2,232,0,0,Regular
607,111.10352201883833,6,21,1,1,Regular
608,188.49223191355696,12,307,0,1,Silver
609,256.6744627188799,5,38,1,1,Regular
610,348.293466028389,2,276,0,1,Gold
611,29.26294852213848,16,157,1,0,Gold
612,401.7110954654309,5,179,0,0,Regular
613,317.6711908505448,15,132,0,1,Silver
614,50.06192565494723,12,311,1,0,Silver
615,438.05352581232086,4,348,1,0,Regular
616,461.22747626058845,15,28,0,1,Silver
617,39.928200328883236,11,260,1,1,Silver
618,145.67004759212983,16,76,0,1,Silver
619,405.03862709860005,6,67,1,1,Gold
620,376.6472482879926,14,342,1,1,Gold
621,100.4152994846249,18,194,0,1,Regular
622,112.58116843498804,12,162,1,0,Gold
623,191.53133036777717,11,347,1,0,Silver
624,247.41626274360044,13,361,0,1,Gold
625,312.94483804984503,11,257,1,0,Regular
626,190.76768338918848,16,72,0,1,Gold
627,236.64201090524247,15,87,0,1,Silver
628,376.2607596855407,15,262,0,1,Silver
629,27.97476941639297,4,214,0,1,Regular
630,133.69410272857016,11,153,0,0,Gold
631,359.5412970834307,19,210,1,1,Gold
632,448.65135046672765,15,61,0,0,Gold
633,260.7219466366764,4,268,0,1,Silver
634,270.73560778000467,13,262,1,1,Regular
635,62.514285556490265,19,218,1,1,Gold
636,229.23205974349278,2,283,1,0,Silver
637,270.98246056296136,14,136,0,1,Silver
638,128.81054678101754,4,362,0,1,Silver
639,141.92918316519666,16,93,0,1,Gold
640,194.8692399212651,14,109,1,0,Gold
641,19.83488691108592,15,241,0,0,Gold
642,167.81879113575735,3,355,1,0,Gold
643,113.60952342830687,8,142,0,1,Gold
644,170.47370256717818,16,291,1,0,Gold
645,68.6834445914331,10,237,0,1,Gold
646,446.35836756254855,4,340,0,0,Gold
647,300.86030224148385,18,312,0,0,Gold
648,342.7601363807999,2,177,1,1,Silver
649,396.69390691759577,17,141,1,0,Gold
650,254.23667747523805,13,189,0,1,Regular
651,52.59094116283761,4,49,0,1,Silver
652,273.18220549108844,11,302,0,0,Gold
653,297.55214783023075,7,190,1,1,Regular
654,375.2653423503217,12,136,0,1,Gold
655,221.5131776525429,10,43,0,0,Regular
656,72.51434836982625,7,353,0,0,Regular
657,149.05019384137498,13,90,0,1,Regular
658,187.9103252353312,7,295,1,0,Regular
659,326.4994482524846,17,341,1,1,Silver
660,289.6813692877668,10,245,0,1,Silver
661,184.48739568994466,10,192,0,0,Regular
662,493.39247190856,4,318,1,0,Gold
663,306.8296614848747,4,106,1,0,Regular
664,126.24112795063729,7,363,0,0,Silver
665,59.873411583997836,1,310,1,1,Gold
666,84.9009782003227,12,233,1,1,Silver
667,130.519286908409,13,265,0,0,Silver
668,88.73387289718228,10,344,1,0,Gold
669,101.41784178513983,15,37,1,1,Regular
670,149.69663265998508,13,305,0,1,Regular
671,94.95306169442986,9,41,0,1,Regular
672,449.41505806694835,9,17,1,1,Regular
673,49.31453537420468,15,344,0,0,Gold
674,267.0105808894248,10,277,1,1,Gold
675,211.09444522493413,10,307,0,1,Gold
676,491.36552228521714,8,59,1,0,Silver
677,64.89906206234565,16,183,0,1,Gold
678,204.9492435324134,17,41,1,1,Regular
679,485.04051230493076,5,39,1,0,Silver
680,434.09849168805033,4,192,1,0,Regular
681,410.36531476514716,18,267,0,0,Regular
682,136.37238525202054,19,147,0,1,Gold
683,93.73491782113226,4,333,1,1,Gold
684,337.6351777629712,7,127,1,0,Regular
685,465.39423467251703,10,46,0,0,Regular
686,282.8138175768256,18,45,0,1,Silver
687,290.09021784025094,19,1,0,0,Gold
688,147.18975589353926,4,168,0,0,Silver
689,387.0515372640491,10,108,0,0,Silver
690,101.65143679318645,1,19,0,1,Silver
691,168.6028258380794,18,332,1,1,Regular
692,218.46385492204422,5,72,0,1,Silver
693,258.729085555383,15,109,1,1,Silver
694,128.78076888338933,17,268,0,1,Regular
695,66.27004412220973,3,240,0,1,Gold
696,309.20382079639995,12,301,1,0,Gold
697,151.42897108772533,2,90,1,1,Silver
698,294.80672849708003,1,103,0,1,Regular
699,85.63773048435914,17,250,1,0,Gold
700,245.75864990886058,16,8,1,1,Silver
701,270.96882195027706,5,153,1,1,Silver
702,35.39353304298918,15,347,1,0,Regular
703,174.93609631502108,3,174,0,0,Silver
704,75.86319170009737,7,343,1,0,Gold
705,41.053735531656194,11,158,0,1,Regular
706,495.08051387107315,10,215,0,0,Gold
707,167.95338403761426,9,177,0,1,Gold
708,406.8384784687711,14,175,0,1,Gold
709,134.77392083424428,13,340,1,1,Silver
710,343.93633388972535,2,338,1,1,Silver
711,382.5116513459464,3,146,0,0,Gold
712,301.8629828978437,7,324,0,0,Gold
713,241.0723323895776,18,161,0,1,Regular
714,211.80204793216157,3,127,0,0,Regular
715,180.9454506060677,10,82,1,1,Silver
716,465.46928068143467,7,147,0,1,Silver
717,417.0035098159873,9,239,1,1,Regular
718,482.86318622659115,17,84,0,0,Gold
719,70.90563950791692,11,113,0,1,Silver
720,368.1250628497857,7,225,0,1,Gold
721,469.78682384230854,14,332,0,0,Regular
722,98.80420242117347,19,243,1,0,Silver
723,42.58317100972097,4,143,1,0,Silver
724,373.14911815212895,6,41,1,0,Regular
725,291.4918254581568,10,258,0,1,Silver
726,422.4961006115533,7,285,0,0,Regular
727,78.48846454688186,13,105,1,1,Silver
728,399.6809828113462,14,202,1,0,Regular
729,108.79738682339482,4,307,0,0,Silver
730,90.19141200419521,8,331,0,0,Gold
731,90.49024098618654,5,266,1,0,Gold
732,409.14161291337723,1,210,0,0,Gold
733,335.94663814113807,4,51,0,0,Silver
734,266.3020581368685,3,118,1,1,Silver
735,185.82693722051621,9,201,0,0,Gold
736,439.82826499842304,8,39,1,0,Gold
737,202.29810263709135,1,28,0,0,Regular
738,410.13372534107276,6,259,1,0,Regular
739,225.17610519940703,9,84,0,1,Regular
740,194.70277041820472,7,155,1,0,Gold
741,236.71309497810716,4,117,1,0,Gold
742,157.67515834042962,13,2,1,0,Gold
743,376.32859628636305,17,93,1,0,Regular
744,256.3329911453148,2,166,0,1,Silver
745,123.78422062194048,5,350,0,0,Gold
746,450.7915409045385,12,296,1,1,Silver
747,198.1066984728736,8,258,0,0,Silver
748,276.3409019458544,6,81,0,1,Silver
749,454.171334372628,8,268,0,1,Regular
750,315.8766179978561,18,235,0,0,Silver
751,67.2800399470984,3,321,0,0,Gold
752,470.5177405706028,12,311,1,1,Regular
753,317.57694600499474,3,301,1,1,Gold
754,174.1037511819722,6,357,1,0,Gold
755,78.24331560505976,2,213,1,1,Regular
756,399.072342742445,12,62,0,1,Gold
757,313.8356504049716,2,49,0,1,Gold
758,271.39593506839753,6,127,1,0,Regular
759,448.0073656949692,17,223,0,1,Gold
760,396.4126335000201,3,279,0,1,Silver
761,84.32069106904808,2,294,1,1,Gold
762,162.74381321981863,8,284,0,0,Silver
763,131.75967850908822,12,277,1,0,Gold
764,374.5336833606117,4,107,1,1,Regular
765,26.430893020531897,5,146,0,0,Regular
766,289.2459455869451,13,99,0,1,Gold
767,383.60475601293837,15,73,1,0,Regular
768,439.61516201325725,16,122,1,0,Gold
769,177.62005687079466,10,30,0,1,Regular
770,412.4160792892863,16,188,1,0,Silver
771,64.20955110805154,12,364,1,0,Gold
772,424.76162294991394,17,354,1,0,Silver
773,72.46944454267138,16,288,0,1,Silver
774,204.67077237457997,12,195,1,0,Gold
775,400.6747292319813,8,156,0,0,Silver
776,83.45953940089915,3,172,1,1,Gold
777,122.33318366399433,16,335,0,0,Silver
778,363.9037585126025,13,41,1,0,Gold
779,362.8179029075764,19,63,0,0,Gold
780,324.16234011379566,8,23,0,0,Regular
781,350.034737788879,5,360,0,0,Gold
782,275.9349772403221,8,75,1,1,Gold
783,133.38153886440685,12,48,1,1,Silver
784,179.39103681692052,1,160,1,0,Gold
785,98.98288123269857,6,313,0,0,Regular
786,455.1407750534779,18,118,1,0,Silver
787,295.861979435399,8,100,0,1,Silver
788,206.41719421418355,7,167,1,1,Regular
789,236.38284378562503,1,290,0,0,Silver
790,474.1688364097895,16,156,0,0,Silver
791,85.1421875268793,12,7,0,1,Silver
792,297.25261768823066,6,196,1,0,Silver
793,257.88545265338837,2,56,1,1,Regular
794,309.61257536297745,14,321,1,1,Regular
795,18.87399007221185,4,193,0,0,Silver
796,437.34071538263424,1,47,0,1,Silver
797,466.73795841697006,18,148,1,0,Regular
798,286.9152599587124,13,275,1,0,Regular
799,351.3589036996772,2,157,1,0,Regular
800,462.02469677687486,9,202,0,0,Silver
801,356.5469308135653,2,126,0,0,Silver
802,84.74413102798806,9,305,0,0,Gold
803,292.38129648173845,1,294,0,1,Regular
804,307.2903727275994,11,64,0,1,Silver
805,217.82402893816914,3,325,1,1,Regular
806,370.8576754561142,4,176,0,1,Silver
807,467.8398372368173,18,116,0,0,Regular
808,463.5285713243204,6,204,0,1,Silver
809,230.91129198802474,3,321,0,1,Gold
810,65.48664246197006,11,31,0,1,Gold
811,492.57218749154396,15,113,1,0,Regular
812,421.0600623585077,5,325,0,1,Silver
813,71.08471378960076,10,344,0,0,Silver
814,461.21252248251244,12,67,0,1,Regular
815,436.24921741044284,15,75,1,0,Silver
816,264.2306479917753,17,45,1,0,Regular
817,299.7249635150153,10,260,1,1,Silver
818,205.51132489636382,6,154,0,0,Regular
819,36.83320302279535,18,155,1,0,Silver
820,174.24664840649146,13,363,0,1,Regular
821,403.3981898130256,3,234,0,1,Silver
822,12.2696912722554,10,51,1,1,Gold
823,173.41459412866064,14,306,0,0,Silver
824,205.1026598595622,6,262,0,0,Regular
825,273.3238454395822,3,315,0,0,Gold
826,460.72925204225265,16,125,1,1,Silver
827,179.709537239321,7,245,0,0,Gold
828,180.00706892915156,14,30,0,0,Silver
829,371.3756115737767,9,122,1,0,Gold
830,231.5867910360055,15,125,0,0,Regular
831,120.05636324059117,3,37,0,0,Silver
832,231.69536290501978,2,170,1,0,Silver
833,79.01993998610193,2,124,0,0,Regular
834,96.42962338804942,3,357,0,1,Gold
835,254.20020864234507,18,35,0,1,Regular
836,215.27347025722847,14,87,0,1,Regular
837,458.274491523369,18,134,0,0,Gold
838,187.57301056715022,10,196,1,0,Regular
839,294.4882916362413,2,274,1,1,Silver
840,319.8095010805699,1,201,1,0,Silver
841,16.41628372828348,4,285,1,1,Silver
842,335.13331228818816,14,77,0,0,Regular
843,97.2376237661782,1,59,0,0,Silver
844,480.92445556003304,14,126,0,1,Silver
845,82.84473659902535,16,109,0,1,Silver
846,213.16582062624164,14,224,0,1,Silver
847,51.82133735853549,3,278,1,1,Silver
848,498.4683834045142,3,68,1,1,Silver
849,256.07555506230887,9,69,0,0,Regular
850,301.73865848682146,6,165,0,0,Silver
851,42.867473920329466,13,305,0,0,Silver
852,377.4806304955971,2,162,1,1,Gold
853,112.85374061683703,8,342,0,1,Regular
854,450.0466018259497,2,309,0,1,Regular
855,110.51842383618352,4,343,0,1,Regular
856,103.43698312519662,15,42,1,1,Regular
857,27.90933724556649,4,354,0,1,Silver
858,241.31280310389963,13,109,1,0,Silver
859,286.77215529868204,12,51,1,0,Gold
860,42.19723331989266,13,250,1,0,Gold
861,390.00853218055516,14,341,1,0,Regular
862,232.11152902653353,18,21,1,0,Gold
863,266.95123197051424,6,300,1,1,Gold
864,225.9737459997318,11,139,0,1,Regular
865,206.37389982890974,2,359,0,1,Regular
866,284.22376234102677,19,324,0,1,Gold
867,86.06772050604913,19,92,1,1,Silver
868,99.14478394268285,5,280,0,1,Gold
869,432.2749542966235,19,125,1,0,Gold
870,473.59657644548,2,111,1,1,Silver
871,192.92156497707893,10,354,1,1,Silver
872,142.66488984034135,2,139,0,1,Regular
873,325.55977618711773,11,273,1,1,Regular
874,210.27974383806725,18,99,1,0,Gold
875,22.439314273568982,15,252,0,0,Silver
876,86.51477270943327,9,338,0,1,Regular
877,360.8263921352248,19,104,1,0,Gold
878,332.87273153597414,9,214,1,0,Silver
879,23.27703632670691,3,249,0,1,Gold
880,118.76635934714523,9,152,0,1,Regular
881,123.22665032815499,14,250,0,1,Regular
882,339.22744436337695,19,275,1,1,Silver
883,19.658163499638434,7,165,0,1,Gold
884,61.01320517244118,16,341,0,0,Silver
885,401.9588818328628,16,8,0,1,Regular
886,97.48688440662347,1,284,1,1,Regular
887,329.84559284741863,4,5,0,1,Gold
888,126.709562712896,4,145,0,0,Gold
889,58.726282452079126,7,101,0,1,Gold
890,129.1543735897325,8,164,0,1,Silver
891,363.910796609273,17,147,0,1,Gold
892,429.29126937208,5,64,1,0,Gold
893,416.8077336378259,7,91,1,1,Regular
894,204.61992951304288,4,117,1,1,Regular
895,337.36171691961664,6,354,0,1,Gold
896,110.44230475375228,7,267,1,0,Gold
897,153.6423878278965,18,310,1,1,Regular
898,449.20455107534866,5,173,1,1,Gold
899,16.370942520260655,3,47,0,1,Silver
900,51.89918011868936,7,140,0,0,Silver
901,111.8642650215534,14,246,1,1,Silver
902,23.00077989817166,7,149,1,1,Gold
903,98.90336319400069,5,246,0,1,Regular
904,295.69036487514916,5,5,0,0,Gold
905,216.49802979032398,2,184,1,0,Gold
906,447.40913842771766,6,20,0,1,Regular
907,410.547345251836,15,46,1,0,Regular
908,177.49050233195922,10,12,0,0,Regular
909,137.11748238133333,7,70,1,0,Silver
910,196.0492800019608,5,17,1,1,Gold
911,299.24452183225577,1,147,0,1,Regular
912,141.35118400320937,13,154,1,0,Gold
913,315.83296484607564,18,304,1,0,Silver
914,210.6117095737078,13,108,1,0,Silver
915,280.5031186174703,18,236,0,1,Regular
916,223.70199927630517,5,308,0,1,Regular
917,154.28822217553966,13,352,0,0,Gold
918,474.74212041145677,4,70,1,0,Regular
919,384.1668391382828,17,183,0,0,Gold
920,78.65545612556174,3,250,1,0,Regular
921,435.5493081899773,17,228,1,1,Gold
922,248.84128714226168,11,102,0,0,Gold
923,448.3305911781048,4,75,0,1,Gold
924,401.92907541418447,2,216,1,0,Gold
925,218.3546171899244,16,203,1,0,Silver
926,21.009961076857525,18,192,0,0,Gold
927,141.65190609862358,8,249,0,0,Regular
928,275.4007651838248,3,242,0,0,Silver
929,320.40432771481215,9,179,1,1,Silver
930,136.36496586226912,6,219,1,0,Gold
931,78.28447629568383,10,82,1,0,Silver
932,419.11581603165655,10,92,1,0,Gold
933,492.3570685447405,13,175,1,1,Regular
934,267.58818932831605,17,239,0,1,Gold
935,94.12285006566871,9,260,0,1,Silver
936,143.4305899944908,17,163,1,1,Regular
937,19.0114315082587,9,48,1,0,Gold
938,458.0064152146445,9,329,0,0,Regular
939,67.69803061616915,1,328,0,0,Regular
940,292.49307300198427,2,116,0,1,Silver
941,144.28705813673093,16,337,0,0,Regular
942,281.54722123273876,1,337,1,0,Silver
943,329.19599029241346,10,225,0,1,Regular
944,416.5734838165288,18,352,1,1,Gold
945,111.14642316269557,8,328,0,1,Regular
946,15.387956042655434,11,147,0,0,Gold
947,77.07395873371556,2,63,0,0,Gold
948,451.0091345055715,8,294,1,1,Regular
949,438.20613800563245,8,323,1,0,Gold
950,302.73242006345106,17,325,0,1,Regular
951,304.2532616124902,15,13,1,1,Regular
952,335.8679705276652,17,189,1,0,Gold
953,95.9319265254903,13,287,0,1,Gold
954,458.0618535032303,19,208,0,1,Silver
955,215.19755719711583,5,114,1,1,Gold
956,197.73787884225376,12,22,1,0,Silver
957,264.2696755885904,1,349,1,1,Gold
958,33.01332371977698,5,214,0,1,Regular
959,91.47885069047891,8,171,0,1,Gold
960,371.6364720489215,13,323,1,1,Regular
961,50.57134728331197,8,54,0,1,Regular
962,305.5445336385302,11,298,0,1,Regular
963,130.22106374384725,1,320,1,1,Silver
964,200.7548508805685,13,126,1,0,Gold
965,151.45993101764293,19,277,0,0,Regular
966,184.27963106782508,3,204,0,1,Regular
967,362.33249354028027,17,194,1,0,Silver
968,155.58964065535577,5,169,0,0,Gold
969,287.5382737454796,8,152,0,1,Gold
970,243.26469707755882,14,35,1,0,Silver
971,335.1988710276976,4,184,1,1,Silver
972,469.0465722691314,11,286,0,1,Gold
973,368.96032763302264,15,57,0,1,Silver
974,115.32078550947081,19,222,0,1,Gold
975,25.279736180029488,7,303,1,1,Gold
976,138.5093817069143,19,163,0,0,Regular
977,301.5881860431249,19,19,0,1,Regular
978,35.19864860728267,11,264,1,0,Gold
979,253.21946112860581,5,282,1,1,Gold
980,302.4529959692757,5,113,0,1,Gold
981,173.7795065003108,8,327,1,1,Gold
982,387.74697983545275,10,30,1,0,Gold
983,62.233144035548186,6,135,0,1,Gold
984,46.817513050546296,15,67,1,1,Silver
985,366.81249053976563,16,65,1,1,Gold
986,252.79074494103725,17,292,0,1,Silver
987,347.31717424959066,8,25,1,0,Silver
988,223.06539591583567,8,37,0,1,Gold
989,130.73699628716236,9,1,0,0,Gold
990,411.36013566035786,2,37,1,1,Silver
991,401.7137806947998,15,141,1,0,Silver
992,350.40127071866914,18,232,1,0,Gold
993,143.3511172426817,3,136,0,1,Gold
994,299.2130267658527,17,188,1,1,Silver
995,186.87720950061313,4,128,0,0,Silver
996,54.875215930050736,4,201,1,1,Silver
997,459.48365197649895,14,127,1,1,Regular
998,77.04112915029108,9,257,1,1,Silver
999,475.6163033721932,9,164,0,0,Regular
1000,228.54282874939832,18,35,1,1,Gold
